{
    "resnet34": {
        "cross_entropy": {
            "q_hat": [
                0.9991958028214456
            ],
            "coverage": 1.0,
            "set_sizes": [
                0,
                14,
                299,
                331,
                102
            ]
        },
        "corn": {
            "q_hat": [
                0.8237179591750392,
                0.4562778294006233,
                0.15741512444105957
            ],
            "coverage": 0.9115281501340483,
            "set_sizes": [
                0,
                314,
                287,
                135,
                10
            ]
        }
    },
    "resnet50": {
        "cross_entropy": {
            "q_hat": [
                0.9987950379562891
            ],
            "coverage": 1.0,
            "set_sizes": [
                0,
                14,
                290,
                331,
                111
            ]
        },
        "corn": {
            "q_hat": [
                0.7474153922672707,
                0.5792041070368216,
                0.12043491914407078
            ],
            "coverage": 0.9302949061662198,
            "set_sizes": [
                0,
                312,
                274,
                140,
                20
            ]
        }
    },
    "resnet101": {
        "cross_entropy": {
            "q_hat": [
                0.9984611856825099
            ],
            "coverage": 1.0,
            "set_sizes": [
                0,
                9,
                327,
                357,
                53
            ]
        },
        "corn": {
            "q_hat": [
                0.789109701343372,
                0.3814321247758004,
                0.04614281880983914
            ],
            "coverage": 0.9262734584450402,
            "set_sizes": [
                0,
                304,
                318,
                103,
                21
            ]
        }
    },
    "vgg16": {
        "cross_entropy": {
            "q_hat": [
                0.9993144520840446
            ],
            "coverage": 1.0,
            "set_sizes": [
                0,
                12,
                343,
                355,
                36
            ]
        },
        "corn": {
            "q_hat": [
                0.840571839287175,
                0.4651045107745223,
                0.0325295239045193
            ],
            "coverage": 0.900804289544236,
            "set_sizes": [
                0,
                309,
                314,
                113,
                10
            ]
        }
    },
    "vgg19": {
        "cross_entropy": {
            "q_hat": [
                0.9994184605045242
            ],
            "coverage": 1.0,
            "set_sizes": [
                0,
                14,
                339,
                363,
                30
            ]
        },
        "corn": {
            "q_hat": [
                0.8120915058644269,
                0.4328566617952841,
                0.011323845863823566
            ],
            "coverage": 0.9302949061662198,
            "set_sizes": [
                0,
                285,
                315,
                133,
                13
            ]
        }
    },
    "densenet121": {
        "cross_entropy": {
            "q_hat": [
                0.9980654621028001
            ],
            "coverage": 1.0,
            "set_sizes": [
                0,
                15,
                314,
                319,
                98
            ]
        },
        "corn": {
            "q_hat": [
                0.7023702181203849,
                0.38443500389160645,
                0.09747499808127592
            ],
            "coverage": 0.9396782841823056,
            "set_sizes": [
                0,
                324,
                280,
                121,
                21
            ]
        }
    },
    "densenet169": {
        "cross_entropy": {
            "q_hat": [
                0.9981812716813941
            ],
            "coverage": 1.0,
            "set_sizes": [
                0,
                27,
                327,
                320,
                72
            ]
        },
        "corn": {
            "q_hat": [
                0.7230542634249048,
                0.4174483344660793,
                0.09601884303190826
            ],
            "coverage": 0.935656836461126,
            "set_sizes": [
                0,
                308,
                305,
                114,
                19
            ]
        }
    },
    "inception_v3": {
        "cross_entropy": {
            "q_hat": [
                0.9994314276032942
            ],
            "coverage": 1.0,
            "set_sizes": [
                0,
                20,
                205,
                318,
                203
            ]
        },
        "corn": {
            "q_hat": [
                0.7422228044808952,
                0.2556875594371419,
                0.08413642643879428
            ],
            "coverage": 0.9316353887399463,
            "set_sizes": [
                0,
                332,
                283,
                109,
                22
            ]
        }
    },
    "google-vit-base-patch16-224": {
        "cross_entropy": {
            "q_hat": [
                0.9982292575117396
            ],
            "coverage": 1.0,
            "set_sizes": [
                0,
                3,
                343,
                389,
                11
            ]
        },
        "corn": {
            "q_hat": [
                0.8051543033018728,
                0.43071646296480576,
                0.05439589954762245
            ],
            "coverage": 0.9235924932975871,
            "set_sizes": [
                0,
                293,
                305,
                137,
                11
            ]
        }
    },
    "facebook-deit-base-distilled-patch16-224": {
        "cross_entropy": {
            "q_hat": [
                0.9995715205794549
            ],
            "coverage": 1.0,
            "set_sizes": [
                0,
                4,
                376,
                345,
                21
            ]
        },
        "corn": {
            "q_hat": [
                0.8146226659597647,
                0.36669691318137143,
                0.026281006566548384
            ],
            "coverage": 0.9262734584450402,
            "set_sizes": [
                0,
                288,
                321,
                119,
                18
            ]
        }
    },
    "davit_base-msft_in1k": {
        "cross_entropy": {
            "q_hat": [
                0.9983690981909853
            ],
            "coverage": 1.0,
            "set_sizes": [
                0,
                0,
                430,
                308,
                8
            ]
        },
        "corn": {
            "q_hat": [
                0.7807815666153806,
                0.3078132939210318,
                0.2131303369517602
            ],
            "coverage": 0.9504021447721179,
            "set_sizes": [
                0,
                317,
                288,
                120,
                21
            ]
        }
    },
    "maxvit_t": {
        "cross_entropy": {
            "q_hat": [
                0.9980320052856713
            ],
            "coverage": 1.0,
            "set_sizes": [
                0,
                0,
                374,
                363,
                9
            ]
        },
        "corn": {
            "q_hat": [
                0.7801543985008389,
                0.4269280789437553,
                0.22005795905038128
            ],
            "coverage": 0.935656836461126,