{
    "resnet34": {
        "cross_entropy": {
            "q_hat": [
                0.999456332385085
            ],
            "coverage": 1.0,
            "set_sizes": [
                0,
                14,
                191,
                190
            ]
        },
        "corn": {
            "q_hat": [
                0.5679558931871226,
                0.19698363679055952
            ],
            "coverage": 0.9392405063291139,
            "set_sizes": [
                0,
                250,
                124,
                21
            ]
        }
    },
    "resnet50": {
        "cross_entropy": {
            "q_hat": [
                0.9994985838882796
            ],
            "coverage": 1.0,
            "set_sizes": [
                0,
                9,
                193,
                193
            ]
        },
        "corn": {
            "q_hat": [
                0.670362956423796,
                0.07877833891005923
            ],
            "coverage": 0.9392405063291139,
            "set_sizes": [
                0,
                241,
                134,
                20
            ]
        }
    },
    "resnet101": {
        "cross_entropy": {
            "q_hat": [
                0.9990727946958469
            ],
            "coverage": 1.0,
            "set_sizes": [
                0,
                11,
                214,
                170
            ]
        },
        "corn": {
            "q_hat": [
                0.71944508434252,
                0.07559809919077033
            ],
            "coverage": 0.9518987341772152,
            "set_sizes": [
                0,
                237,
                136,
                22
            ]
        }
    },
    "vgg16": {
        "cross_entropy": {
            "q_hat": [
                0.9999359254618637
            ],
            "coverage": 1.0,
            "set_sizes": [
                0,
                6,
                262,
                127
            ]
        },
        "corn": {
            "q_hat": [
                0.5724596256063194,
                0.0883716945429799
            ],
            "coverage": 0.8987341772151899,
            "set_sizes": [
                0,
                259,
                126,
                10
            ]
        }
    },
    "vgg19": {
        "cross_entropy": {
            "q_hat": [
                0.9998256646039831
            ],
            "coverage": 1.0,
            "set_sizes": [
                0,
                0,
                266,
                129
            ]
        },
        "corn": {
            "q_hat": [
                0.5860938609556392,
                0.06131625766972551
            ],
            "coverage": 0.9164556962025316,
            "set_sizes": [
                0,
                247,
                135,
                13
            ]
        }
    },
    "densenet121": {
        "cross_entropy": {
            "q_hat": [
                0.998281242283246
            ],
            "coverage": 1.0,
            "set_sizes": [
                0,
                30,
                192,
                173
            ]
        },
        "corn": {
            "q_hat": [
                0.5880966896319217,
                0.0910801710063265
            ],
            "coverage": 0.9291139240506329,
            "set_sizes": [
                0,
                253,
                125,
                17
            ]
        }
    },
    "densenet169": {
        "cross_entropy": {
            "q_hat": [
                0.9987919144048035
            ],
            "coverage": 1.0,
            "set_sizes": [
                0,
                18,
                190,
                187
            ]
        },
        "corn": {
            "q_hat": [
                0.6213066159313878,
                0.1217636062216213
            ],
            "coverage": 0.9518987341772152,
            "set_sizes": [
                0,
                246,
                129,
                20
            ]
        }
    },
    "inception_v3": {
        "cross_entropy": {
            "q_hat": [
                0.9994123063924658
            ],
            "coverage": 1.0,
            "set_sizes": [
                0,
                26,
                166,
                203
            ]
        },
        "corn": {
            "q_hat": [
                0.6783238553818858,
                0.0650855993837804
            ],
            "coverage": 0.9468354430379747,
            "set_sizes": [
                0,
                249,
                125,
                21
            ]
        }
    },
    "google-vit-base-patch16-224": {
        "cross_entropy": {
            "q_hat": [
                0.9995374843364454
            ],
            "coverage": 1.0,
            "set_sizes": [
                0,
                0,
                325,
                70
            ]
        },
        "corn": {
            "q_hat": [
                0.6365757634621542,
                0.1577067234133956
            ],
            "coverage": 0.9189873417721519,
            "set_sizes": [
                0,
                251,
                125,
                19
            ]
        }
    },
    "facebook-deit-base-distilled-patch16-224": {
        "cross_entropy": {
            "q_hat": [
                0.9989434344167928
            ],
            "coverage": 1.0,
            "set_sizes": [
                0,
                3,
                294,
                98
            ]
        },
        "corn": {
            "q_hat": [
                0.6036321848403408,
                0.10891614894148076
            ],
            "coverage": 0.9367088607594937,
            "set_sizes": [
                0,
                242,
                134,
                19
            ]
        }
    },
    "davit_base-msft_in1k": {
        "cross_entropy": {
            "q_hat": [
                0.9983744152629649
            ],
            "coverage": 1.0,
            "set_sizes": [
                0,
                0,
                344,
                51
            ]
        },
        "corn": {
            "q_hat": [
                0.6452639257634875,
                0.08666000856470564
            ],
            "coverage": 0.9417721518987342,
            "set_sizes": [
                0,
                239,
                139,
                17
            ]
        }
    },
    "maxvit_t": {
        "cross_entropy": {
            "q_hat": [
                0.9992209982326012
            ],
            "coverage": 1.0,
            "set_sizes": [
                0,
                0,
                305,
                90
            ]
        },
        "corn": {
            "q_hat": [
                0.5558464240481839,
                0.16386286720974813
            ],
            "coverage": 0.9443037974683545,
            "set_sizes": [
                0,
                240,
                134,
                21
            ]
        }
    },
    "gcvit_base-in1k": {
        "cross_entropy": {
            "q_hat": [
                0.9995349545515221
            ],
            "coverage": 1.0,
            "set_sizes": [
                0,
                0,
                307,
                88
            ]
        },
        "corn": {
            "q_hat": [
                0.6015522006813806,
                0.07287815002767228
            ],
            "coverage": 0.9367088607594937,
            "set_sizes": [
                0,
                247,
                129,
                19
            ]
        }
    },
    "swin_b": {
        "cross_entropy": {
            "q_hat": [
                0.9995548424829963
            ],
            "coverage": 1.0,
            "set_sizes": [
                0,
                5,
                252,
                138
            ]
        },