{
    "resnet34": {
        "cross_entropy": {
            "q_hat": [
                0.9952709770334359
            ],
            "coverage": 0.998898678414097,
            "set_sizes": [
                0,
                12,
                157,
                443,
                286,
                10
            ]
        },
        "corn": {
            "q_hat": [
                0.7876152410526961,
                0.6947998217126942,
                0.5485547936423707,
                0.08981444558221333
            ],
            "coverage": 0.8821585903083701,
            "set_sizes": [
                0,
                223,
                196,
                325,
                156,
                8
            ]
        }
    },
    "resnet50": {
        "cross_entropy": {
            "q_hat": [
                0.9951956431510041
            ],
            "coverage": 1.0,
            "set_sizes": [
                0,
                5,
                125,
                448,
                318,
                12
            ]
        },
        "corn": {
            "q_hat": [
                0.7616353235356715,
                0.6843988832189233,
                0.4568294497484661,
                0.10348878739123846
            ],
            "coverage": 0.9361233480176211,
            "set_sizes": [
                0,
                185,
                155,
                419,
                120,
                29
            ]
        }
    },
    "resnet101": {
        "cross_entropy": {
            "q_hat": [
                0.9959558180682567
            ],
            "coverage": 0.9955947136563876,
            "set_sizes": [
                0,
                14,
                166,
                448,
                278,
                2
            ]
        },
        "corn": {
            "q_hat": [
                0.8112833985307598,
                0.7604757116315115,
                0.529156400353869,
                0.05071366891594223
            ],
            "coverage": 0.8843612334801763,
            "set_sizes": [
                0,
                219,
                172,
                381,
                124,
                12
            ]
        }
    },
    "vgg16": {
        "cross_entropy": {
            "q_hat": [
                0.9972171534490849
            ],
            "coverage": 1.0,
            "set_sizes": [
                0,
                10,
                104,
                553,
                230,
                11
            ]
        },
        "corn": {
            "q_hat": [
                0.7865972505913256,
                0.7035259691391202,
                0.4251393192380832,
                0.021535899173159626
            ],
            "coverage": 0.9273127753303965,
            "set_sizes": [
                0,
                157,
                232,
                384,
                117,
                18
            ]
        }
    },
    "vgg19": {
        "cross_entropy": {
            "q_hat": [
                0.9954881098388967
            ],
            "coverage": 0.998898678414097,
            "set_sizes": [
                0,
                9,
                81,
                537,
                273,
                8
            ]
        },
        "corn": {
            "q_hat": [
                0.8082719575798972,
                0.7082512559153098,
                0.4565825063879319,
                0.019825128758151227
            ],
            "coverage": 0.9262114537444934,
            "set_sizes": [
                0,
                157,
                226,
                381,
                137,
                7
            ]
        }
    },
    "densenet121": {
        "cross_entropy": {
            "q_hat": [
                0.996220085304745
            ],
            "coverage": 1.0,
            "set_sizes": [
                0,
                5,
                110,
                456,
                312,
                25
            ]
        },
        "corn": {
            "q_hat": [
                0.8178527638233828,
                0.7302821865068615,
                0.5581116255475671,
                0.07865648539685413
            ],
            "coverage": 0.8667400881057269,
            "set_sizes": [
                0,
                234,
                211,
                332,
                117,
                14
            ]
        }
    },
    "densenet169": {
        "cross_entropy": {
            "q_hat": [
                0.9946521072097905
            ],
            "coverage": 0.998898678414097,
            "set_sizes": [
                0,
                8,
                118,
                524,
                244,
                14
            ]
        },
        "corn": {
            "q_hat": [
                0.8021477855206853,
                0.68481618748844,
                0.29984000104566966,
                0.06599517101576315
            ],
            "coverage": 0.9162995594713657,
            "set_sizes": [
                0,
                181,
                257,
                335,
                117,
                18
            ]
        }
    },
    "inception_v3": {
        "cross_entropy": {
            "q_hat": [
                0.9933801785358408
            ],
            "coverage": 0.998898678414097,
            "set_sizes": [
                0,
                6,
                92,
                481,
                275,
                54
            ]
        },
        "corn": {
            "q_hat": [
                0.79138506930836,
                0.7105688645694797,
                0.5966061100775366,
                0.12313296736439289
            ],
            "coverage": 0.9416299559471366,
            "set_sizes": [
                0,
                198,
                189,
                316,
                185,
                20
            ]
        }
    },
    "google-vit-base-patch16-224": {
        "cross_entropy": {
            "q_hat": [
                0.9983222688100615
            ],
            "coverage": 0.998898678414097,
            "set_sizes": [
                0,
                5,
                8,
                469,
                383,
                43
            ]
        },
        "corn": {
            "q_hat": [
                0.7690564345095039,
                0.6810961587323668,
                0.645354405424213,
                0.09788734290481273
            ],
            "coverage": 0.8546255506607929,
            "set_sizes": [
                0,
                228,
                167,
                394,
                109,
                10
            ]
        }
    },
    "facebook-deit-base-distilled-patch16-224": {
        "cross_entropy": {
            "q_hat": [
                0.9980783289967321
            ],
            "coverage": 1.0,
            "set_sizes": [
                0,
                0,
                69,
                530,
                306,
                3
            ]
        },
        "corn": {
            "q_hat": [
                0.780379269416161,
                0.725765449599008,
                0.34893562065962275,
                0.054694146345992116
            ],
            "coverage": 0.9162995594713657,
            "set_sizes": [
                0,
                182,
                222,
                358,
                133,
                13
            ]
        }
    },
    "davit_base-msft_in1k": {
        "cross_entropy": {
            "q_hat": [
                0.9958691178105813
            ],
            "coverage": 0.998898678414097,
            "set_sizes": [
                0,
                0,
                78,
                628,
                200,
                2
            ]
        },